{
  "adapterVersion": "t3code-typescript-doc-declaration-v1",
  "benchmark": "T3 Code TypeScript documented-declaration retrieval compatibility",
  "buildTrials": {
    "graphify": [
      {
        "extractMs": 27250.68358296994,
        "ms": 33615.47195794992,
        "order": 2,
        "round": 1
      },
      {
        "extractMs": 25395.916042034514,
        "ms": 31781.849750084803,
        "order": 1,
        "round": 2
      }
    ],
    "ravel": [
      {
        "extractMs": 0.0,
        "ms": 90304.70800003968,
        "order": 1,
        "round": 1
      },
      {
        "extractMs": 0.0,
        "ms": 16369.186916970648,
        "order": 2,
        "round": 2
      }
    ]
  },
  "cases": 487,
  "claimsAnswerCorrectness": false,
  "corporaByteIdentical": true,
  "corporaUnchangedAfterBuild": true,
  "failedCases": 0,
  "graphify": {
    "buildMs": 32698.660854017362,
    "declarationCoverage": {
      "byKind": {
        "class": {
          "cases": 50,
          "coverage": 1.0,
          "covered": 50
        },
        "const": {
          "cases": 134,
          "coverage": 0.7388059701492538,
          "covered": 99
        },
        "function": {
          "cases": 241,
          "coverage": 1.0,
          "covered": 241
        },
        "interface": {
          "cases": 51,
          "coverage": 1.0,
          "covered": 51
        },
        "let": {
          "cases": 1,
          "coverage": 0.0,
          "covered": 0
        },
        "type": {
          "cases": 10,
          "coverage": 1.0,
          "covered": 10
        }
      },
      "cases": 487,
      "coverage": 0.9260780287474333,
      "covered": 451
    },
    "graphEdges": 35998,
    "graphNodes": 18455,
    "meanEstimatedTokens": 2158.2977412731007,
    "meanQueryMs": 1975.3148198408387,
    "meanReturned": 57.79260780287474,
    "mrr": 0.0009791946057536673,
    "queryMaxMs": 12653.433584026061,
    "queryP50Ms": 1699.4475829415023,
    "queryP95Ms": 3128.3757080091164,
    "queryP99Ms": 6738.859000033699,
    "recall": 0.04106776180698152,
    "top20SymbolOnly": {
      "hits": 100,
      "limit": 20,
      "mrr": 0.13804323670853444,
      "recall": 0.2053388090349076
    },
    "truncationRate": 0.9075975359342916
  },
  "graphifyExecutable": {
    "path": "/Users/12ya/.local/share/uv/tools/graphifyy/bin/graphify",
    "sha256": "90ab6099efdd91f20dad4d6aa51cf6dee2712bc2e6d6ef5ef7fb59ac07d6a021"
  },
  "graphifyVersion": "graphify 0.9.12",
  "language": "typescript",
  "manifestSha256": "bcfd709c5bcf631cec1a15b198cfa2418fad382d889915d9efdc393d20217765",
  "officialMetric": false,
  "pairwise": {
    "bothHit": 3,
    "bothMiss": 420,
    "graphifyOnlyHit": 17,
    "ravelOnlyHit": 47,
    "ravelQueryWins": 0
  },
  "platform": {
    "arch": "arm64",
    "os": "Darwin"
  },
  "queryMode": "typescript-jsdoc-symbol-redacted-v1",
  "queryOrder": {
    "graphifyFirst": 253,
    "ravelFirst": 234
  },
  "ravel": {
    "buildMs": 53336.947458505165,
    "declarationCoverage": {
      "byKind": {
        "class": {
          "cases": 50,
          "coverage": 0.66,
          "covered": 33
        },
        "const": {
          "cases": 134,
          "coverage": 0.0,
          "covered": 0
        },
        "function": {
          "cases": 241,
          "coverage": 0.995850622406639,
          "covered": 240
        },
        "interface": {
          "cases": 51,
          "coverage": 1.0,
          "covered": 51
        },
        "let": {
          "cases": 1,
          "coverage": 0.0,
          "covered": 0
        },
        "type": {
          "cases": 10,
          "coverage": 1.0,
          "covered": 10
        }
      },
      "cases": 487,
      "coverage": 0.6858316221765913,
      "covered": 334
    },
    "graphEdges": 148724,
    "graphNodes": 122193,
    "meanEstimatedTokens": 1891.9034907597536,
    "meanQueryMs": 11652.433044471476,
    "meanReturned": 23.51334702258727,
    "mrr": 0.04055512945025657,
    "queryMaxMs": 260115.33491697628,
    "queryP50Ms": 8039.610499981791,
    "queryP95Ms": 22667.373250005767,
    "queryP99Ms": 88317.92533397675,
    "recall": 0.1026694045174538,
    "top20SymbolOnly": {
      "hits": 84,
      "limit": 20,
      "mrr": 0.08451502635185511,
      "recall": 0.17248459958932238
    },
    "truncationRate": 0.0
  },
  "ravelExecutable": {
    "path": "/private/tmp/ravel-official-repo-bench-bin",
    "sha256": "7bb7202fb220dd17d0d395ff19a7301a245d566a99083d833902cb64e7ccf581"
  },
  "ravelProfile": "broad",
  "ravelProfileArgs": [
    "--seed-limit",
    "20",
    "--max-depth",
    "3",
    "--max-nodes",
    "10000",
    "--branch-fanout",
    "10000",
    "--candidate-shortlist"
  ],
  "ravelVersion": "ravel v0.2.5",
  "resultsSha256": "e72b92038038eabbceeff27b9ac52eb58cc7eb7d2af7360064a544658cce9f97",
  "runConfigSha256": "a49f0f3561f096159205b8e2befc1df40b1ba2e81462ef9ce33b6764af32edda",
  "sharedCorpusFiles": 1952,
  "source": {
    "excludedTrackedRoot": ".repos",
    "files": 1952,
    "includedRoots": [
      "apps",
      "infra",
      "oxlint-plugin-t3code",
      "packages",
      "scripts"
    ],
    "lines": 513548,
    "name": "T3 Code",
    "revision": "2a33a18716854b8d07378008cf3101ad999209ae",
    "sourceSha256": "78e23307e3eb668373ee6a4fa28ab46f61769d30031f5de8b046223e8d7a1317",
    "url": "https://github.com/pingdotgg/t3code"
  },
  "successfulCases": 487,
  "tokenBudget": 2000,
  "version": 1,
  "workers": 2
}
