{
  "version": 1,
  "measuredAt": "2026-07-16",
  "machine": {
    "cpu": "Apple M1 Pro",
    "os": "darwin",
    "architecture": "arm64"
  },
  "tokenBudget": 2000,
  "ravelProfile": "broad",
  "ravelProfileArgs": [
    "--seed-limit",
    "20",
    "--max-depth",
    "3",
    "--max-nodes",
    "10000",
    "--branch-fanout",
    "10000",
    "--candidate-shortlist"
  ],
  "ravelVersion": "ravel v0.2.5",
  "ravelExecutableSha256": "ae3b506247cb61d0c1d2316f9bb5bf3a8c290603b488d991b45f064cb1736c1e",
  "graphifyVersion": "graphify 0.9.12",
  "graphifyExecutableSha256": "90ab6099efdd91f20dad4d6aa51cf6dee2712bc2e6d6ef5ef7fb59ac07d6a021",
  "combinedBenchmarkCases": 10000,
  "languageCases": {
    "typescript": 6304,
    "go": 3696
  },
  "retrievalGoldCases": 4231,
  "scaleOnlyCases": 5769,
  "benchmarks": [
    {
      "name": "CrossCodeEval TypeScript candidate-union retrieval compatibility",
      "adapterVersion": "crosscodeeval-typescript-candidate-union-v1",
      "cases": 3122,
      "successfulCases": 3122,
      "failedCases": 0,
      "workers": 2,
      "manifestSha256": "8a292f2b387122d53535a2b7bfdd85f5e72e2797061f2fe304d85f3109415384",
      "resultsSha256": "345d1e9c04f3a4cbbe816c84014348d7fb9dea44db8265ded687de8f1f3ce715",
      "ravel": {
        "recall": 0.9609224855861627,
        "goldIdentifierRecall": 0.9472969606377678,
        "mrr": 0.5799445166566817,
        "meanEstimatedTokens": 1522.6700832799488,
        "meanReturned": 20.734465086483024,
        "meanBuildMs": 394.41898513702716,
        "buildP95Ms": 521.26320800744,
        "buildP99Ms": 595.8364169346169,
        "meanQueryMs": 23.3890567994948,
        "queryP95Ms": 38.31512504257262,
        "queryP99Ms": 67.7520000608638,
        "truncationRate": 0.0
      },
      "graphify": {
        "recall": 0.675208199871877,
        "goldIdentifierRecall": 0.6662360310342373,
        "mrr": 0.15659996906573814,
        "meanEstimatedTokens": 415.265534913517,
        "meanReturned": 10.09577194106342,
        "meanBuildMs": 488.60301323053665,
        "buildP95Ms": 582.3175830300897,
        "buildP99Ms": 671.3331240462139,
        "meanQueryMs": 191.15576376739656,
        "queryP95Ms": 249.05574996955693,
        "queryP99Ms": 296.7471668962389,
        "truncationRate": 0.0
      },
      "pairwise": {
        "bothHit": 2039,
        "ravelOnlyHit": 961,
        "graphifyOnlyHit": 69,
        "bothMiss": 53,
        "ravelBuildWins": 2762,
        "ravelQueryWins": 3122
      },
      "limitations": "Not the official CrossCodeEval completion metric. Original repositories and gold retrieval spans are not public. The identical miniature corpus is the deduplicated union of six published five-chunk retrieval views, including oracle views; gold APIs are deterministically derived from the hidden line and candidate chunks."
    },
    {
      "name": "ContextBench Go direct context retrieval",
      "adapterVersion": "contextbench-ravel-graphify-v1",
      "cases": 104,
      "successfulCases": 104,
      "failedCases": 0,
      "graphs": 104,
      "successfulGraphs": 104,
      "buildWorkers": 1,
      "queryWorkers": 2,
      "manifestSha256": "3e42f6effa5054cccc48adfb5fb7bc1aba3b19d15e8ae70e24d7c4e835583ec2",
      "resultsSha256": "99e7dc657a7cc312e3fea130d913f8735bda7b0cb033c752526a23bab763fb07",
      "graphsSha256": "9574958b35af266ca3da64b0d4fb403105b3c3406271da0c10a414247ea4eec6",
      "ravel": {
        "fileRecall": 0.1545027202835545,
        "filePrecision": 0.056842521127825854,
        "fileF1": 0.06976307119211875,
        "lineRecall": 0.06795323548340834,
        "linePrecision": 0.04563268300091079,
        "mrr": 0.20048076923076924,
        "fileHitCases": 39,
        "fullFileRecallCases": 7,
        "meanEstimatedTokens": 1885.0288461538462,
        "meanReturned": 33.94230769230769,
        "meanBuildMs": 4059.1017263538492,
        "buildP95Ms": 6078.134250012226,
        "buildP99Ms": 7562.952999956906,
        "meanQueryMs": 627.2541357880423,
        "queryP95Ms": 1365.0721670128405,
        "queryP99Ms": 1747.5639999611303,
        "truncationRate": 0.0
      },
      "graphify": {
        "fileRecall": 0.0,
        "filePrecision": 0.0,
        "fileF1": 0.0,
        "lineRecall": 0.0,
        "linePrecision": 0.0,
        "mrr": 0.0,
        "fileHitCases": 0,
        "meanEstimatedTokens": 9.0,
        "meanReturned": 0.0,
        "meanBuildMs": 746.0598253461425,
        "buildP95Ms": 1153.7159159779549,
        "buildP99Ms": 1552.720042061992,
        "meanQueryMs": 135.61817464338114,
        "queryP95Ms": 146.5939589543268,
        "queryP99Ms": 148.31058296840638,
        "truncationRate": 0.0
      },
      "limitations": "Direct CLI comparison, not ContextBench's official agent-trajectory evaluation. Both tools receive the same pinned checkout and natural-language issue statement, but retain native corpus coverage. Graphify returned 'No matching nodes found.' for every case, so its smaller payload and faster query time represent empty retrieval rather than successful context selection."
    },
    {
      "name": "Real-FIM-Eval TypeScript/Go scale compatibility",
      "adapterVersion": "real-fim-typescript-go-scale-v1",
      "queryMode": "prefix-suffix-local-context-v1",
      "cases": 5769,
      "successfulCases": 5769,
      "failedCases": 0,
      "typescriptCases": 3182,
      "goCases": 2587,
      "addCases": 2983,
      "editCases": 2786,
      "workers": 2,
      "manifestSha256": "63dfca5920759e71001cd3066ab3ce7a210323dddd25391f6fef04338284bcc6",
      "casesSha256": "71a00a8635b94005848c39eac1ac8fc38d9b1d2c5198f7207777bf44c9d93d30",
      "resultsSha256": "976039b78a3ac92fc3728b5242c4f9b056a4843b226619fac77035f2f4e0ab32",
      "runConfigSha256": "0a0350dc55860b8696041fcd075f94f2daf00d5f8e20e23361a95b7d4c3a3a28",
      "sourceSha256": {
        "add": "bd2ae46588c83c79bb4f99f967700377c4440c3607ad8550cb0334eb8c8a3f22",
        "edit": "b4f19e8f40535b6421b7c847eebfb64c0be28aa59dc6f636e13fc6173a5b29c5"
      },
      "ravel": {
        "nonEmptyRate": 0.9953198127925117,
        "targetFileRate": 0.9389842260357081,
        "targetFileMisses": 352,
        "directoryOnlyMisses": 343,
        "meanEstimatedTokens": 1578.9885595423816,
        "meanReturned": 21.200728029121166,
        "meanBuildMs": 189.95885115311285,
        "buildP50Ms": 111.0577080398798,
        "buildP95Ms": 564.5510000176728,
        "buildP99Ms": 850.6759579759091,
        "buildMaxMs": 1893.3282908983529,
        "meanQueryMs": 18.34932853868365,
        "queryP50Ms": 16.146625042892992,
        "queryP95Ms": 32.18275005929172,
        "queryP99Ms": 42.86912502720952,
        "queryMaxMs": 111.29866703413427,
        "truncationRate": 0.0
      },
      "graphify": {
        "nonEmptyRate": 0.9901196047841914,
        "targetFileRate": 0.9901196047841914,
        "targetFileMisses": 57,
        "meanEstimatedTokens": 835.0183740682961,
        "meanReturned": 20.431963945224474,
        "meanBuildMs": 351.23634272785563,
        "buildP50Ms": 347.00525004882365,
        "buildP95Ms": 385.53891598712653,
        "buildP99Ms": 425.1704589696601,
        "buildMaxMs": 597.2335010301322,
        "meanQueryMs": 146.6310067308305,
        "queryP50Ms": 144.77695804089308,
        "queryP95Ms": 158.71062502264977,
        "queryP99Ms": 177.24041698966175,
        "queryMaxMs": 1863.2750840624794,
        "truncationRate": 0.056335586756803606
      },
      "byLanguage": {
        "typescript": {
          "ravelTargetFileRate": 0.9846008799497171,
          "graphifyTargetFileRate": 0.9833438089252042,
          "ravelBuildP99Ms": 165.95575003884733,
          "graphifyBuildP99Ms": 431.52733286842704,
          "ravelQueryP99Ms": 51.50883400347084,
          "graphifyQueryP99Ms": 177.4361670250073
        },
        "go": {
          "ravelTargetFileRate": 0.8828759180517974,
          "graphifyTargetFileRate": 0.9984538074990337,